model,regime,ece,bin_lo,bin_hi,count,mean_confidence,mean_accuracy
identity,real_only,1.0,0.0,0.1,0,0.0,0.0
identity,real_only,1.0,0.1,0.2,0,0.0,0.0
identity,real_only,1.0,0.2,0.3,0,0.0,0.0
identity,real_only,1.0,0.3,0.4,0,0.0,0.0
identity,real_only,1.0,0.4,0.5,0,0.0,0.0
identity,real_only,1.0,0.5,0.6,0,0.0,0.0
identity,real_only,1.0,0.6,0.7,0,0.0,0.0
identity,real_only,1.0,0.7,0.8,0,0.0,0.0
identity,real_only,1.0,0.8,0.9,0,0.0,0.0
identity,real_only,1.0,0.9,1.0,1432,1.0,0.0
identity,synthetic_only,1.0,0.0,0.1,0,0.0,0.0
identity,synthetic_only,1.0,0.1,0.2,0,0.0,0.0
identity,synthetic_only,1.0,0.2,0.3,0,0.0,0.0
identity,synthetic_only,1.0,0.3,0.4,0,0.0,0.0
identity,synthetic_only,1.0,0.4,0.5,0,0.0,0.0
identity,synthetic_only,1.0,0.5,0.6,0,0.0,0.0
identity,synthetic_only,1.0,0.6,0.7,0,0.0,0.0
identity,synthetic_only,1.0,0.7,0.8,0,0.0,0.0
identity,synthetic_only,1.0,0.8,0.9,0,0.0,0.0
identity,synthetic_only,1.0,0.9,1.0,4959,1.0,0.0
identity,synthetic_plus_real,1.0,0.0,0.1,0,0.0,0.0
identity,synthetic_plus_real,1.0,0.1,0.2,0,0.0,0.0
identity,synthetic_plus_real,1.0,0.2,0.3,0,0.0,0.0
identity,synthetic_plus_real,1.0,0.3,0.4,0,0.0,0.0
identity,synthetic_plus_real,1.0,0.4,0.5,0,0.0,0.0
identity,synthetic_plus_real,1.0,0.5,0.6,0,0.0,0.0
identity,synthetic_plus_real,1.0,0.6,0.7,0,0.0,0.0
identity,synthetic_plus_real,1.0,0.7,0.8,0,0.0,0.0
identity,synthetic_plus_real,1.0,0.8,0.9,0,0.0,0.0
identity,synthetic_plus_real,1.0,0.9,1.0,6391,1.0,0.0
classical,real_only,0.15304,0.0,0.1,1121,0.00091,0.0
classical,real_only,0.15304,0.1,0.2,41,0.15372,0.0
classical,real_only,0.15304,0.2,0.3,26,0.25174,0.0
classical,real_only,0.15304,0.3,0.4,20,0.34281,0.0
classical,real_only,0.15304,0.4,0.5,14,0.45482,0.0
classical,real_only,0.15304,0.5,0.6,17,0.55366,0.0
classical,real_only,0.15304,0.6,0.7,10,0.64275,0.0
classical,real_only,0.15304,0.7,0.8,7,0.75736,0.0
classical,real_only,0.15304,0.8,0.9,9,0.84907,0.0
classical,real_only,0.15304,0.9,1.0,167,0.99563,0.01796
classical,synthetic_only,0.19618,0.0,0.1,3661,0.00122,0.0
classical,synthetic_only,0.19618,0.1,0.2,88,0.14895,0.0
classical,synthetic_only,0.19618,0.2,0.3,85,0.25701,0.0
classical,synthetic_only,0.19618,0.3,0.4,90,0.35674,0.0
classical,synthetic_only,0.19618,0.4,0.5,75,0.45081,0.0
classical,synthetic_only,0.19618,0.5,0.6,72,0.54475,0.0
classical,synthetic_only,0.19618,0.6,0.7,60,0.66024,0.0
classical,synthetic_only,0.19618,0.7,0.8,80,0.73622,0.0
classical,synthetic_only,0.19618,0.8,0.9,41,0.85446,0.0
classical,synthetic_only,0.19618,0.9,1.0,707,0.9968,0.01414
classical,synthetic_plus_real,0.22264,0.0,0.1,4532,0.00139,0.0
classical,synthetic_plus_real,0.22264,0.1,0.2,115,0.15155,0.0
classical,synthetic_plus_real,0.22264,0.2,0.3,102,0.25166,0.0
classical,synthetic_plus_real,0.22264,0.3,0.4,106,0.34506,0.0
classical,synthetic_plus_real,0.22264,0.4,0.5,113,0.45117,0.0
classical,synthetic_plus_real,0.22264,0.5,0.6,92,0.54512,0.0
classical,synthetic_plus_real,0.22264,0.6,0.7,136,0.66037,0.0
classical,synthetic_plus_real,0.22264,0.7,0.8,79,0.74994,0.0
classical,synthetic_plus_real,0.22264,0.8,0.9,77,0.84749,0.0
classical,synthetic_plus_real,0.22264,0.9,1.0,1039,0.99662,0.01347
<<<<<<<< HEAD:phase4/phase4_output/paper_tables_neural/calibration.csv
neural,real_only,0.99511,0.0,0.1,0,0.0,0.0
neural,real_only,0.99511,0.1,0.2,0,0.0,0.0
neural,real_only,0.99511,0.2,0.3,0,0.0,0.0
neural,real_only,0.99511,0.3,0.4,0,0.0,0.0
neural,real_only,0.99511,0.4,0.5,0,0.0,0.0
neural,real_only,0.99511,0.5,0.6,0,0.0,0.0
neural,real_only,0.99511,0.6,0.7,0,0.0,0.0
neural,real_only,0.99511,0.7,0.8,0,0.0,0.0
neural,real_only,0.99511,0.8,0.9,0,0.0,0.0
neural,real_only,0.99511,0.9,1.0,1432,1.0,0.00489
neural,synthetic_only,0.86792,0.0,0.1,0,0.0,0.0
neural,synthetic_only,0.86792,0.1,0.2,0,0.0,0.0
neural,synthetic_only,0.86792,0.2,0.3,0,0.0,0.0
neural,synthetic_only,0.86792,0.3,0.4,0,0.0,0.0
neural,synthetic_only,0.86792,0.4,0.5,0,0.0,0.0
neural,synthetic_only,0.86792,0.5,0.6,0,0.0,0.0
neural,synthetic_only,0.86792,0.6,0.7,0,0.0,0.0
neural,synthetic_only,0.86792,0.7,0.8,0,0.0,0.0
neural,synthetic_only,0.86792,0.8,0.9,0,0.0,0.0
neural,synthetic_only,0.86792,0.9,1.0,4959,1.0,0.13208
neural,synthetic_plus_real,0.95525,0.0,0.1,0,0.0,0.0
neural,synthetic_plus_real,0.95525,0.1,0.2,0,0.0,0.0
neural,synthetic_plus_real,0.95525,0.2,0.3,0,0.0,0.0
neural,synthetic_plus_real,0.95525,0.3,0.4,0,0.0,0.0
neural,synthetic_plus_real,0.95525,0.4,0.5,0,0.0,0.0
neural,synthetic_plus_real,0.95525,0.5,0.6,0,0.0,0.0
neural,synthetic_plus_real,0.95525,0.6,0.7,0,0.0,0.0
neural,synthetic_plus_real,0.95525,0.7,0.8,0,0.0,0.0
neural,synthetic_plus_real,0.95525,0.8,0.9,0,0.0,0.0
neural,synthetic_plus_real,0.95525,0.9,1.0,6391,1.0,0.04475
========
neural,real_only,0.99721,0.0,0.1,0,0.0,0.0
neural,real_only,0.99721,0.1,0.2,0,0.0,0.0
neural,real_only,0.99721,0.2,0.3,0,0.0,0.0
neural,real_only,0.99721,0.3,0.4,0,0.0,0.0
neural,real_only,0.99721,0.4,0.5,0,0.0,0.0
neural,real_only,0.99721,0.5,0.6,0,0.0,0.0
neural,real_only,0.99721,0.6,0.7,0,0.0,0.0
neural,real_only,0.99721,0.7,0.8,0,0.0,0.0
neural,real_only,0.99721,0.8,0.9,0,0.0,0.0
neural,real_only,0.99721,0.9,1.0,1432,1.0,0.00279
hybrid,real_only,0.26451,0.0,0.1,1018,0.00047,0.0
hybrid,real_only,0.26451,0.1,0.2,12,0.16086,0.0
hybrid,real_only,0.26451,0.2,0.3,6,0.2325,0.0
hybrid,real_only,0.26451,0.3,0.4,9,0.37187,0.0
hybrid,real_only,0.26451,0.4,0.5,7,0.44282,0.0
hybrid,real_only,0.26451,0.5,0.6,2,0.55657,0.0
hybrid,real_only,0.26451,0.6,0.7,7,0.64979,0.0
hybrid,real_only,0.26451,0.7,0.8,9,0.78488,0.0
hybrid,real_only,0.26451,0.8,0.9,10,0.84751,0.0
hybrid,real_only,0.26451,0.9,1.0,352,0.99809,0.01136
hybrid,synthetic_only,0.38874,0.0,0.1,2834,0.00046,0.0
hybrid,synthetic_only,0.38874,0.1,0.2,36,0.14518,0.0
hybrid,synthetic_only,0.38874,0.2,0.3,17,0.24457,0.0
hybrid,synthetic_only,0.38874,0.3,0.4,41,0.35027,0.0
hybrid,synthetic_only,0.38874,0.4,0.5,30,0.44507,0.0
hybrid,synthetic_only,0.38874,0.5,0.6,42,0.54899,0.0
hybrid,synthetic_only,0.38874,0.6,0.7,38,0.64452,0.0
hybrid,synthetic_only,0.38874,0.7,0.8,31,0.76011,0.0
hybrid,synthetic_only,0.38874,0.8,0.9,30,0.85153,0.0
hybrid,synthetic_only,0.38874,0.9,1.0,1860,0.99929,0.03548
hybrid,synthetic_plus_real,0.39457,0.0,0.1,3618,0.00055,0.0
hybrid,synthetic_plus_real,0.39457,0.1,0.2,54,0.14911,0.0
hybrid,synthetic_plus_real,0.39457,0.2,0.3,48,0.25363,0.0
hybrid,synthetic_plus_real,0.39457,0.3,0.4,44,0.34724,0.0
hybrid,synthetic_plus_real,0.39457,0.4,0.5,49,0.44945,0.0
hybrid,synthetic_plus_real,0.39457,0.5,0.6,53,0.55107,0.0
hybrid,synthetic_plus_real,0.39457,0.6,0.7,50,0.65157,0.0
hybrid,synthetic_plus_real,0.39457,0.7,0.8,52,0.76006,0.0
hybrid,synthetic_plus_real,0.39457,0.8,0.9,60,0.84993,0.0
hybrid,synthetic_plus_real,0.39457,0.9,1.0,2363,0.99911,0.02158
>>>>>>>> 0d4429687786a259500443e610980f32ee0fcfad:phase4/phase4_output/paper_tables_hybrid/calibration.csv
